player,birthplace
Allen Iverson,"Hampton, Virginia"
Marcus Camby,"Hartford, Connecticut"
Shareef Abdur-Rahim,"Marietta, Georgia"
Stephon Marbury,"Brooklyn, New York"
Ray Allen,"Merced, California"
Antoine Walker,"Chicago, Illinois"
Lorenzen Wright,"Oxford, Mississippi"
Kerry Kittles,"Dayton, Ohio"
Samaki Walker,"Columbus, Ohio"
Erick Dampier,"Jackson, Mississippi"
Todd Fuller,"Fayetteville, North Carolina"
Vitaly Potapenko,"Kiev, Ukrainian SSR, Soviet Union"
Kobe Bryant,"Philadelphia, Pennsylvania"
Peja Stojaković,"Slavonska Požega, SR Croatia, SFR Yugoslavia"
Steve Nash,"Johannesburg, South Africa"
Tony Delk,"Covington, Tennessee"
Jermaine O'Neal,"Columbia, South Carolina"
John Wallace,"Rochester, New York"
Walter McCarty,"Evansville, Indiana"
Zydrunas Ilgauskas,"Kaunas, Lithuanian SSR, Soviet Union"
Dontae Jones,"Nashville, Tennessee"
Roy Rogers,"Linden, Alabama"
Efthimios Rentzias,"Trikala, Greece"
Derek Fisher,"Little Rock, Arkansas"
Martin Müürsepp,"Tallinn, Estonia"
Jerome Williams,"Washington, D.C."
Brian Evans,"Rockford, Illinois"
Priest Lauderdale,"Chicago, Illinois"
Travis Knight,"Hillsboro, Oregon, U.S."
Othella Harrington,"Jackson, Mississippi"
Mark Hendrickson,"Mount Vernon, Washington"
Ryan Minor,"Canton, Ohio"
Moochie Norris,"Washington, D.C."
Shawn Harvey,"Philadelphia, Pennsylvania"
Joseph Blair,"Akron, Ohio"
Doron Sheffer,"Ramat Efal, Israel"
Jeff McInnis,"Charlotte, North Carolina"
Steve Hamer,"Memphis, Tennessee"
Russ Millard,"Cedar Rapids, Iowa"
Marcus Mann,"Carthage, Mississippi"
Jason Sasser,"Denton, Texas"
Randy Livingston,"New Orleans, Louisiana"
Ben Davis,"Vero Beach, Florida"
Malik Rose,"Philadelphia, Pennsylvania"
Joe Vogel,"North Platte, Nebraska"
Marcus Brown,"West Memphis, Arkansas"
Ron Riley,"Las Vegas, Nevada"
Jamie Feick,"Lexington, Ohio"
Amal McCaskill,"Maywood, Illinois"
Terrell Bell,"Athens, Georgia"
Chris Robinson,"Columbus, Georgia"
Mark Pope,"Omaha, Nebraska"
Jeff Nordgaard,"Dawson, Minnesota"
Shandon Anderson,"Atlanta, Georgia"
Ronnie Henderson,"Gulfport, Mississippi"
Reggie Geary,"Trenton, New Jersey"
Drew Barry,"Oakland, California"
Darnell Robinson,"Oakland, California"
Darnell Robinson,"Oakland, California"
Chucky Atkins,"Orlando, Florida"
Adrian Griffin,"Wichita, Kansas"
Tim Duncan,"Saint Croix, U.S. Virgin Islands"
Keith Van Horn,"Fullerton, California"
Chauncey Billups,"Denver, Colorado"
Antonio Daniels,"Columbus, Ohio"
Tony Battie,"Dallas, Texas"
Ron Mercer,"Nashville, Tennessee"
Tim Thomas,"Paterson, New Jersey"
Adonal Foyle,"Canouan, Saint Vincent, Saint Vincent and the Grenadines"
Tracy McGrady,"Bartow, Florida"
Danny Fortson,"Altoona, Pennsylvania"
Tariq Abdul-Wahad,"Maisons-Alfort, Val-de-Marne, France"
Austin Croshere,"Los Angeles, California"
Derek Anderson,"Louisville, Kentucky"
Maurice Taylor,"Detroit, Michigan"
Kelvin Cato,"Atlanta, Georgia"
Brevin Knight,"Livingston, New Jersey"
Johnny Taylor,"Chattanooga, Tennessee"
Chris Anstey,"Melbourne, Victoria"
Scot Pollard,"Murray, Utah"
Paul Grant,"Pittsburgh, Pennsylvania"
Anthony Parker,"Naperville, Illinois"
Ed Gray,"Riverside, California"
Bobby Jackson,"East Spencer, North Carolina"
Rodrick Rhodes,"Jersey City, New Jersey"
John Thomas,"Minneapolis, Minnesota"
Charles Smith,"Fort Worth, Texas"
Jacque Vaughn,"Los Angeles, California"
Keith Booth,"Baltimore, Maryland"
Serge Zwikker,"Vlaardingen, Netherlands"
Mark Sanford,"Dallas, Texas"
Charles O'Bannon,"Bellflower, California"
James Cotton,"Los Angeles, California"
Marko Milič,"Kranj, SR Slovenia, SFR Yugoslavia"
Bubba Wells,"Russellville, Kentucky"
Kebu Stewart,"Brooklyn, New York"
James Collins,"Jacksonville, Florida"
Marc Jackson,"Philadelphia, Pennsylvania"
Jerald Honeycutt,"Shreveport, Louisiana"
Anthony Johnson,"Charleston, South Carolina"
Ed Elisma,"Miami, Florida"
Jason Lawson,"Philadelphia, Pennsylvania"
Stephen Jackson,"Port Arthur, Texas"
Gordon Malone,"Winnipeg, MB"
Cedric Henderson,"Memphis, Tennessee"
God Shammgod,"New York City, New York"
Eric Washington,"Pearl, Mississippi"
Alvin Williams,"Philadelphia, Pennsylvania"
Predrag Drobnjak,"Bijelo Polje, SR Montenegro, SFR Yugoslavia"
Alain Digbeu,"Mâcon, Saône-et-Loire"
Chris Crawford,"Kalamazoo, Michigan"
DeJuan Wheat,"Louisville, Kentucky"
C.J. Bruton,"Wichita, Kansas"
Paul Rogers,"Adelaide, South Australia"
Mark Blount,"Yonkers, New York"
Ben Pepper,"Geraldton, Western Australia"
Nate Erdmann,"Fort Dodge, Iowa"
Roberto Dueñas,"Madrid, Spain"
Pat Burke,"Dublin, Ireland"
Marlon Garnett,"Los Angeles, California"
Troy Hudson,"Carbondale, Illinois"
Michael Olowokandi,"Lagos, Nigeria"
Mike Bibby,"Cherry Hill, New Jersey"
Raef LaFrentz,"Hampton, Iowa"
Antawn Jamison,"Shreveport, Louisiana"
Vince Carter,"Daytona Beach, Florida"
Robert Traylor,"Detroit, Michigan"
Jason Williams,"Belle, West Virginia"
Larry Hughes,"St. Louis, Missouri"
Dirk Nowitzki,"Würzburg, West Germany"
Paul Pierce,"Oakland, California"
Bonzi Wells,"Muncie, Indiana"
Michael Doleac,"San Antonio, Texas"
Keon Clark,"Danville, Illinois"
Michael Dickerson,"Greenville, South Carolina"
Matt Harpring,"Cincinnati, Ohio"
Bryce Drew,"Baton Rouge, Louisiana"
Radoslav Nesterović,"Ljubljana, SR Slovenia, SFR Yugoslavia"
Mirsad Türkcan,"Novi Pazar, SR Serbia, SFR Yugoslavia"
Pat Garrity,"Las Vegas, Nevada"
Roshown McLeod,"Jersey City, New Jersey"
Ricky Davis,"Las Vegas, Nevada"
Brian Skinner,"Temple, Texas"
Tyronn Lue,"Mexico, Missouri"
Felipe López ,"Santiago, Dominican Republic"
Al Harrington,"Orange, New Jersey"
Sam Jacobson,"Cottage Grove, Minnesota"
Vladimir Stepania,"Tbilisi, Republic of Georgia"
Corey Benjamin,"Compton, California"
Nazr Mohammed,"Chicago, Illinois"
Ansu Sesay,"Greensboro, North Carolina"
Ruben Patterson,"Cleveland, Ohio"
Rashard Lewis,"Pineville, Louisiana"
Jelani McCoy,"Oakland, California"
Shammond Williams,"The Bronx, New York"
Bruno Šundov,"Split, SR Croatia, SFR Yugoslavia"
Jerome James,"Tampa, Florida"
Casey Shaw,"Lebanon, Ohio"
DeMarco Johnson,"Charlotte, North Carolina"
Rafer Alston,"New York City, New York"
Korleone Young,"Wichita, Kansas"
Cuttino Mobley,"Philadelphia, Pennsylvania"
Miles Simon,"Stockholm, Sweden"
Jahidi White,"St. Louis, Missouri"
Sean Marks,"Auckland, New Zealand"
Toby Bailey,"Los Angeles, California"
Andrae Patterson,"Riverside, California"
Tyson Wheeler,"New Britain, Connecticut"
Ryan Stack,"Nashville, Tennessee"
Cory Carr,"Fordyce, Arkansas"
Andrew Betts,"Ashby-de-la-Zouch, Leicestershire, England"
Corey Brewer,"Portland, Tennessee"
Derrick Dial,"Detroit, Michigan"
Greg Buckner,"Hopkinsville, Kentucky"
Tremaine Fowlkes,"Los Angeles, California"
Ryan Bowen,"Fort Madison, Iowa"
J. R. Henderson,"Bakersfield, California"
Torraye Braggs,"Fresno, California"
Maceo Baston,"Corsicana, Texas"
Earl Boykins,"Cleveland, Ohio"
Gerald Brown,"Los Angeles, California"
Elton Brand,"Cortlandt Manor, New York"
Steve Francis,"Takoma Park, Maryland"
Baron Davis,"Los Angeles, California"
Lamar Odom,"Queens, New York"
Jonathan Bender,"Picayune, Mississippi"
Wally Szczerbiak,"Madrid, Spain"
Richard Hamilton,"Coatesville, Pennsylvania"
Andre Miller,"Los Angeles, California"
Shawn Marion,"Waukegan, Illinois"
Jason Terry,"Seattle, Washington"
Trajan Langdon,"Palo Alto, California"
Aleksandar Radojević," Herceg Novi, Montenegro "
Corey Maggette,"Melrose Park, Illinois"
William Avery,"Augusta, Georgia"
Frédéric Weis,"Thionville, France"
Ron Artest,"Queens, New York"
Cal Bowdler,"Sharps, Virginia"
James Posey,"Cleveland, Ohio"
Quincy Lewis,"Little Rock, Arkansas"
Dion Glover,"Marietta, Georgia"
Jeff Foster,"San Antonio, Texas"
Kenny Thomas,"Atlanta, Georgia"
Devean George,"Minneapolis, Minnesota"
Andrei Kirilenko,"Izhevsk, Russian SFSR, Soviet Union"
Tim James,"Miami, Florida"
Vonteego Cummings,"Thomson, Georgia"
Jumaine Jones,"Cocoa, Florida"
Scott Padgett,"Louisville, Kentucky"
Leon Smith,"Chicago, Illinois"
John Celestand,"Houston, Texas"
Rico Hill,"Oceanside, California"
Michael Ruffin,"Denver, Colorado"
Chris Herren,"Fall River, Massachusetts"
Evan Eschmeyer,"New Knoxville, Ohio"
Calvin Booth,"Reynoldsburg, Ohio"
Wang Zhizhi,"Beijing, China"
Obinna Ekezie,"Port Harcourt, Rivers State, Nigeria"
Laron Profit,"Charleston, South Carolina"
A. J. Bramlett,"DeKalb, Illinois"
Gordan Giriček,"Zagreb, SR Croatia, SFR Yugoslavia"
Francisco Elson,"Rotterdam, Netherlands"
Louis Bullock,"Washington, D.C."
Lee Nailon,"South Bend, Indiana"
Tyrone Washington,"East St. Louis, Illinois"
Ryan Robertson,"Lawton, Oklahoma"
J. R. Koch,"Peoria, Illinois"
Todd MacCulloch,"Winnipeg, Manitoba"
Galen Young,"Memphis, Tennessee"
Lari Ketner,"Philadelphia, Pennsylvania"
Venson Hamilton,"Forest City, North Carolina"
Antwain Smith,"Newport News, Virginia"
Roberto Bergersen,"Seattle, Washington"
Rodney Buford,"Milwaukee, Wisconsin"
Melvin Levett,"Cleveland, Ohio"
Kris Clack,"Austin, Texas"
Tim Young,"Santa Cruz, California"
Manu Ginóbili,"Bahía Blanca, Argentina"
Eddie Lucas,"Groton, Connecticut"
Chris Andersen,"Long Beach, California"
Michael Batiste,"Los Angeles, California"
Kenyon Martin,"Saginaw, Michigan"
Stromile Swift,"Shreveport, Louisiana"
Darius Miles,"Belleville, Illinois"
Marcus Fizer,"Inkster, Michigan"
Mike Miller,"Mitchell, South Dakota"
DerMarr Johnson,"Washington, D.C."
Chris Mihm,"Milwaukee, Wisconsin"
Jamal Crawford,"Seattle, Washington"
Joel Przybilla,"Monticello, Minnesota"
Keyon Dooling,"Fort Lauderdale, Florida"
Jérôme Moïso,"Paris, France"
Etan Thomas,"Harlem, New York"
Courtney Alexander,"Bridgeport, Connecticut"
Mateen Cleaves,"Flint, Michigan"
Jason Collier,"Springfield, Ohio"
Hedo Türkoğlu,"Istanbul, Turkey"
Desmond Mason,"Waxahachie, Texas"
Quentin Richardson,"Chicago, Illinois"
Jamaal Magloire,"Toronto, Ontario"
Speedy Claxton,"Hempstead, New York"
Morris Peterson,"Flint, Michigan"
Donnell Harvey,"Shellman, Georgia"
DeShawn Stevenson,"Fresno, California"
Dalibor Bagarić,"Munich, West Germany"
"Iakovos ""Jake"" Tsakalidis","Rustavi, Georgian Soviet Socialist Republic, USSR"
Mamadou N'Diaye,"Dakar, Senegal"
Primož Brezec,"Postojna, SR Slovenia, SFR Yugoslavia"
Erick Barkley,"Queens, New York"
Mark Madsen,"Walnut Creek, California, U.S."
Marko Jarić,"Belgrade, SR Serbia, SFR Yugoslavia"
Dan Langhi,"Chicago, Illinois"
A.J. Guyton,"Peoria, Illinois"
Jake Voskuhl,"Tulsa, Oklahoma"
Khalid El-Amin,"Minneapolis, Minnesota"
Mike Smith,"West Monroe, Louisiana"
Soumaila Samake,"Bougouni, Mali"
Eddie House,"Berkeley, California"
Eduardo Nájera,"Ciudad Meoqui, Chihuahua, Mexico"
Lavor Postell,"Albany, Georgia"
Hanno Möttölä,"Helsinki, Finland"
Chris Carrawell,"St. Louis, Missouri"
Olumide Oyedeji,"Ibadan, Oyo State, Nigeria"
Michael Redd,"Columbus, Ohio"
Brian Cardinal,"Tolono, Illinois"
Jabari Smith,"Atlanta, Georgia"
DeeAndre Hulett,"Saginaw, Michigan"
Josip Sesar,"Mostar, SR Bosnia and Herzegovina, SFR Yugoslavia"
Mark Karcher,"Baltimore, Maryland"
Jason Hart,"Los Angeles, California"
Kaniel Dickens,"Denver, Colorado"
Igor Rakočević,"Belgrade, SR Serbia, SFR Yugoslavia"
Ernest Brown,"the Bronx, New York"
Dan McClintock,"Fountain Valley, California"
Cory Hightower,"Flint, Michigan"
Chris Porter,"Abbeville, Alabama"
Jaquay Walls,"Brooklyn, New York"
Scoonie Penn,"Yonkers, New York"
Pete Mickeal,"Rock Island, Illinois"
Malik Allen,"Willingboro Township, New Jersey"
Richie Frahm,"Battle Ground, Washington"
Kwame Brown,"Charleston, South Carolina"
Tyson Chandler,"Hanford, California"
Pau Gasol,"Barcelona, Spain"
Eddy Curry,"Harvey, Illinois"
Jason Richardson,"Saginaw, Michigan"
Shane Battier,"Birmingham, Michigan"
Eddie Griffin,"Kansas City, Missouri, United States"
DeSagana Diop,"Dakar, Senegal"
Rodney White,"Philadelphia, Pennsylvania"
Joe Johnson,"Little Rock, Arkansas"
Kedrick Brown,"Zachary, Louisiana"
Vladimir Radmanović,"Trebinje, SR Bosnia and Herzegovina
SFR Yugoslavia"
Richard Jefferson,"Los Angeles, California"
Troy Murphy,"Morristown, New Jersey"
Steven Hunter,"Chicago, Illinois"
Kirk Haston,"Lobelville, Tennessee"
Michael Bradley,"Worcester, Massachusetts"
Jason Collins,"Northridge, California"
Zach Randolph,"Marion, Indiana"
Brendan Haywood,"New York City, New York"
Joseph Forte,"Atlanta, Georgia"
Jeryl Sasser,"Dallas, Texas"
Brandon Armstrong,"San Francisco, California"
Raül López,"Vic, Spain"
Gerald Wallace,"Sylacauga, Alabama"
Samuel Dalembert,"Port-au-Prince, Haiti"
Jamaal Tinsley,"Brooklyn, New York"
Tony Parker,"Bruges, Belgium"
Trenton Hassell,"Clarksville, Tennessee"
Gilbert Arenas,"Tampa, Florida"
Omar Cook,"Brooklyn, New York"
Will Solomon,"Hartford, Connecticut"
Brian Scalabrine,"Long Beach, California"
Terence Morris,"Frederick, Maryland"
Jeff Trepagnier,"Los Angeles, California"
Damone Brown,"Buffalo, New York"
Mehmet Okur,"Yalova, Turkey"
Michael Wright,"Chicago, Illinois"
Earl Watson,"Kansas City, Kansas"
Jamison Brewer,"East Point, Georgia"
Bobby Simmons,"Chicago, Illinois"
Eric Chenowith,"Orange, California"
Kyle Hill,"Chicago, Illinois"
Sean Lampley,"Harvey, Illinois"
Loren Woods,"St. Louis, Missouri"
Ousmane Cisse,"Bamako, Mali"
Antonis Fotsis,"Maroussi, Greece"
Ken Johnson,"Detroit, Michigan"
Ruben Boumtje-Boumtje,"Edéa, Cameroon"
Alton Ford,"Houston, Texas"
Andre Hutson,"Dayton, Ohio"
Jarron Collins,"Northridge, California"
Kenny Satterfield,"New York City, New York"
Maurice Jeffers,"Morrilton, Arkansas"
Robertas Javtokas,"Šiauliai, Lithuania SSR, Soviet Union"
Alvin Jones,"Luxembourg, Luxembourg"
Bryan Bracey,"Chicago, Illinois"
Carlos Arroyo,"Fajardo, Puerto Rico"
Charlie Bell,"Flint, Michigan"
Tierre Brown,"Iowa, Louisiana"
Yao Ming,Shanghai
Jay Williams,"Plainfield, New Jersey"
Mike Dunleavy Jr.,"Fort Worth, Texas"
Drew Gooden,"Oakland, California"
Nikoloz Tskitishvili,"Tbilisi, Georgia SSR, Soviet Union"
Dajuan Wagner,"Camden, New Jersey"
Nenê,"São Carlos, Brazil"
Chris Wilcox,"Whiteville, North Carolina"
Amar'e Stoudemire,"Lake Wales, Florida"
Caron Butler,"Racine, Wisconsin"
Jared Jeffries,"Bloomington, Indiana"
Melvin Ely,"Harvey, Illinois"
Marcus Haislip,"Lewisburg, Tennessee"
Fred Jones,"Malvern, Arkansas"
Boštjan Nachbar,"Slovenj Gradec, SR Slovenia, SFR Yugoslavia"
Jiří Welsch,"Pardubice, Czechoslovakia"
Juan Dixon,"Baltimore, Maryland"
Curtis Borchardt,"Buffalo, New York"
Ryan Humphrey,"Tulsa, Oklahoma"
Kareem Rush,"Kansas City, Missouri"
Qyntel Woods,"Memphis, Tennessee"
Casey Jacobsen,"Glendora, California"
Tayshaun Prince,"Compton, California"
Nenad Krstić,"Kraljevo, SR Serbia, SFR Yugoslavia"
Frank Williams,"Peoria, Illinois"
John Salmons,"Philadelphia, Pennsylvania"
Chris Jefferies,"Fresno, California"
Dan Dickau,"Portland, Oregon"
Steve Logan,"Cleveland, Ohio"
Roger Mason Jr.,"Washington, D.C."
Robert Archibald,"Paisley, Renfrewshire, Scotland"
Vincent Yarbrough,"Cleveland, Tennessee"
Dan Gadzuric,"The Hague, Netherlands"
Carlos Boozer,"Aschaffenburg, West Germany"
Miloš Vujanić,"Loznica, SFR Yugoslavia"
David Andersen,"Melbourne, Victoria"
Tito Maddox,"Compton, California"
Rod Grizzard,"Birmingham, Alabama"
Juan Carlos Navarro,"Sant Feliu de Llobregat, Spain"
Mario Kasun,"Vinkovci, SR Croatia, SFR Yugoslavia"
Ronald Murray,"Philadelphia, Pennsylvania"
Jason Jennings,"Dallas, Texas"
Lonny Baxter,"Silver Spring, Maryland"
Sam Clancy,"Pittsburgh, Pennsylvania"
Matt Barnes,"Santa Clara, California"
Jamal Sampson,"Inglewood, California"
Chris Owens,"Akron, Ohio"
Peter Fehse,"Halle, East Germany"
Darius Songaila,"Marijampolė, Lithuanian SSR, Soviet Union"
Federico Kammerichs,"Goya, Argentina"
Marcus Taylor,"Lansing, Michigan"
Rasual Butler,"Philadelphia, Pennsylvania"
Tamar Slay,"Beckley, West Virginia"
Mladen Šekularac,"Bar, SR Montenegro, SFR Yugoslavia"
Luis Scola,"Buenos Aires, Argentina"
Randy Holcomb,"Chicago, Illinois"
Corsley Edwards,"Baltimore, Maryland"
Cory Bradford,"Memphis, Tennessee"
Devin Brown,"Salt Lake City, Utah"
LeBron James,"Akron, Ohio"
Darko Miličić,"Novi Sad, SR Serbia, SFR Yugoslavia"
Carmelo Anthony,"Brooklyn, New York"
Chris Bosh,"Dallas, Texas"
Dwyane Wade,"Chicago, Illinois"
Chris Kaman,"Grand Rapids, Michigan"
Kirk Hinrich,"Sioux City, Iowa"
T. J. Ford,"Houston, Texas"
Michael Sweetney,"Washington, D.C."
Jarvis Hayes,"Atlanta, Georgia"
Mickaël Piétrus,"Les Abymes, Guadeloupe, France"
Nick Collison,"Orange City, Iowa"
Marcus Banks,"Las Vegas, Nevada"
Luke Ridnour,"Coeur d'Alene, Idaho"
Reece Gaines,"Madison, Wisconsin"
Troy Bell,"Minneapolis, Minnesota"
Žarko Čabarkapa,"Zrenjanin, SR Serbia, SFR Yugoslavia"
David West,"Teaneck, New Jersey"
Aleksandar Pavlović,"Bar, SR Montenegro, SFR Yugoslavia"
Dahntay Jones,"Trenton, New Jersey"
Boris Diaw,"Cormeilles-en-Parisis, Val-d'Oise, France"
Zoran Planinić,"Mostar, SR Bosnia and Herzegovina, SFR Yugoslavia"
Travis Outlaw,"Starkville, Mississippi"
Brian Cook,"Lincoln, Illinois"
Carlos Delfino,"Santa Fe, Argentina"
Ndudi Ebi,"London, England"
Kendrick Perkins,"Nederland, Texas"
Leandro Barbosa,"São Paulo, Brazil"
Josh Howard,"Winston-Salem, North Carolina"
Maciej Lampe,"Łódź, Poland"
Jason Kapono,"Long Beach, California"
Luke Walton,"San Diego, California"
Jerome Beasley,"Compton, California"
Sofoklis Schortsanitis,"Tiko, Cameroon"
Szymon Szewczyk,"Szczecin, Poland"
Mario Austin,"Livingston, Alabama"
Travis Hansen,"Provo, Utah"
Steve Blake,"Hollywood, Florida"
Slavko Vraneš,"Pljevlja, SR Montenegro, SFR Yugoslavia"
Derrick Zimmerman,"Monroe, Louisiana"
Willie Green,"Detroit, Michigan"
Zaza Pachulia,"Tbilisi, Georgian SSR, Soviet Union"
Keith Bogans,"Washington, D.C."
Malick Badiane,"Dakar, Senegal"
Matt Bonner,"Concord, New Hampshire"
Sani Bečirovič,"Maribor, SR Slovenia, SFR Yugoslavia"
Mo Williams,"Jackson, Mississippi"
James Lang,"Mobile, Alabama"
James Jones,"Miami, Florida"
Paccelis Morlende,"Creil, France"
Kyle Korver,"Paramount, California"
Remon van de Hare,"Amsterdam, Netherlands"
Tommy Smith,"Phoenix, Arizona"
Nedžad Sinanović,"Zavidovići, SR Bosnia and Herzegovina, SFR Yugoslavia"
Rick Rickert,"Duluth, Minnesota"
Brandon Hunter,"Cincinnati, Ohio"
Xue Yuyang,"Henan, China"
Andreas Glyniadakis,"Chania, Greece"
Earl Barron,"Clarksdale, Mississippi"
José Calderón,"Villanueva de la Serena, Spain"
Dwight Howard,"Atlanta, Georgia"
Emeka Okafor,"Houston, Texas"
Ben Gordon,"London, England"
Shaun Livingston,"Peoria, Illinois"
Devin Harris,"Milwaukee, Wisconsin"
Josh Childress,"Harbor City, California"
Luol Deng,"Wau, Sudan (now South Sudan)"
Rafael Araújo,"Curitiba, Brazil"
Andre Iguodala,"Springfield, Illinois"
Luke Jackson,"Eugene, Oregon"
Andris Biedriņš,"Riga, Latvia"
Robert Swift,"Bakersfield, California"
Sebastian Telfair,"Brooklyn, New York"
Kris Humphries,"Minneapolis, Minnesota"
Al Jefferson,"Monticello, Mississippi"
Kirk Snyder,"Los Angeles, California"
Josh Smith,"College Park, Georgia"
J. R. Smith,"Freehold Borough, New Jersey"
Dorell Wright,"Los Angeles, California"
Jameer Nelson,"Chester, Pennsylvania"
Pavel Podkolzin,"Novosibirsk, Russian SFSR, Soviet Union"
Viktor Khryapa,"Kiev, Ukrainian SSR, Soviet Union"
Sergei Monia,"Saratov, Russian SFSR, Soviet Union"
Delonte West,"Washington, D.C."
Tony Allen,"Chicago, Illinois"
Kevin Martin,"Zanesville, Ohio"
Sasha Vujačić,"Maribor, SR Slovenia, SFR Yugoslavia"
Beno Udrih,"Celje, SR Slovenia, SFR Yugoslavia"
David Harrison,"Nashville, Tennessee"
Anderson Varejão,"Colatina, Brazil"
Jackson Vroman,"Laguna, California"
Peter John Ramos,"Fajardo, Puerto Rico"
Lionel Chalmers,"Albany, New York"
Donta Smith,"Louisville, Kentucky"
Andre Emmett,"Dallas, Texas"
Antonio Burks,"Memphis, Tennessee"
Royal Ivey,"Harlem, New York"
Chris Duhon,"Mamou, Louisiana"
Albert Miralles,"Badalona, Spain"
Justin Reed,"Jackson, Mississippi"
David Young,"New Castle, Pennsylvania"
Viktor Sanikidze,"Tbilisi, Georgian SSR, USSR"
Trevor Ariza,"Miami, Florida"
Tim Pickett,"Daytona Beach, Florida"
Bernard Robinson,"Washington, D.C."
Ha Seung-Jin,"Seoul, South Korea"
Pape Sow,"Dakar, Senegal"
Ricky Minard,"Mansfield, Ohio"
Sergei Lishouk,"Rivne, Ukrainian SSR"
Vassilis Spanoulis,"Larissa, Greece"
Christian Drejer,"Copenhagen, Denmark"
Romain Sato,"Bimbo, Central African Republic"
Matt Freije,"Bismarck, North Dakota"
Rickey Paulding,"Detroit, Michigan"
Luis Flores,"San Pedro de Macoris, Dominican Republic"
Marcus Douthit,"Syracuse, New York"
Sergei Karaulov,"Guliston, Uzbek Soviet Socialist Republic, Soviet Union"
Blake Stepp,"Eugene, Oregon"
Rashad Wright,"Statesboro, Georgia"
Andrew Bogut,"Melbourne, Victoria"
Marvin Williams,"Bremerton, Washington"
Deron Williams,"Parkersburg, West Virginia"
Chris Paul,"Winston-Salem, North Carolina"
Raymond Felton,"Latta, South Carolina"
Martell Webster,"Edmonds, Washington"
Charlie Villanueva,"Queens, New York"
Channing Frye,"White Plains, New York"
Ike Diogu,"Buffalo, New York"
Andrew Bynum,"Plainsboro Township, New Jersey"
Fran Vázquez,"Chantada, Galicia"
Yaroslav Korolev,"Moscow, Russian SFSR, Soviet Union"
Sean May,"Chicago, Illinois"
Rashad McCants,"Asheville, North Carolina"
Antoine Wright,"West Covina, California"
Joey Graham,"Wilmington, Delaware"
Danny Granger,"New Orleans, Louisiana"
Gerald Green,"Houston, Texas"
Hakim Warrick,"Philadelphia, Pennsylvania"
Julius Hodge,"Harlem, New York"
Nate Robinson,"Seattle, Washington"
Jarrett Jack,"Fort Washington, Maryland"
Francisco García,"San Francisco de Macoris, Dominican Republic"
Luther Head,"Chicago, Illinois"
Johan Petro,"Paris, France"
Jason Maxiell,"Chicago, Illinois"
Linas Kleiza,"Kaunas, Lithuanian SSR, Soviet Union"
Ian Mahinmi,"Rouen, France"
Wayne Simien,"Leavenworth, Kansas"
David Lee,"St. Louis, Missouri"
Salim Stoudamire,"Portland, Oregon"
Daniel Ewing,"Milton, Florida"
Brandon Bass,"Baton Rouge, Louisiana"
C. J. Miles,"Dallas, Texas"
Ricky Sánchez,"Guayama, Puerto Rico"
Ersan İlyasova,"Eskişehir, Turkey"
Ronny Turiaf,"Fort-de-France, Martinique"
Travis Diener,"Fond du Lac, Wisconsin"
Von Wafer,"Homer, Louisiana"
Monta Ellis,"Jackson, Mississippi"
Roko Ukić,"Split, SR Croatia"
Chris Taft,"Brooklyn, New York"
Mile Ilić,"Tuzla, SR Bosnia and Herzegovina
SFR Yugoslavia"
Martynas Andriuškevičius,"Kaunas, Lithuanian SSR, Soviet Union"
Louis Williams,"Memphis, Tennessee"
Erazem Lorbek,"Ljubljana, SR Slovenia, SFR Yugoslavia"
Bracey Wright,"The Colony, Texas"
Mickaël Gelabale,"Pointe-Noire, Guadeloupe"
Andray Blatche,"Syracuse, New York"
Ryan Gomes,"Waterbury, Connecticut"
Robert Whaley,"Benton Harbor, Michigan"
Axel Hervelle,"Liège, Belgium"
Orien Greene,"Gainesville, Florida"
Dijon Thompson,"Los Angeles, California"
Lawrence Roberts,"Houston, Texas"
Amir Johnson,"Los Angeles, California"
Marcin Gortat,"Łódź, Poland"
Uroš Slokar,"Ljubljana, SR Slovenia, SFR Yugoslavia"
Cenk Akyol,"Kadıköy, Turkey"
Alex Acker,"Compton, California"
Andrea Bargnani,"Rome, Italy"
LaMarcus Aldridge,"Dallas, Texas"
Adam Morrison,"Glendive, Montana"
Tyrus Thomas,"Baton Rouge, Louisiana"
Shelden Williams,"Oklahoma City, Oklahoma"
Brandon Roy,"Seattle, Washington"
Randy Foye,"Newark, New Jersey"
Rudy Gay,"Brooklyn, New York"
Patrick O'Bryant,"Oskaloosa, Iowa"
Mouhamed Sene,"Thiès, Senegal"
J. J. Redick,"Cookeville, Tennessee"
Hilton Armstrong,"Peekskill, New York"
Thabo Sefolosha,"Vevey, Switzerland"
Ronnie Brewer,"Portland, Oregon"
Cedric Simmons,"Shallotte, North Carolina"
Rodney Carney,"Memphis, Tennessee"
Shawne Williams,"Memphis, Tennessee"
Oleksiy Pecherov,"Donetsk, Ukrainian SSR, Soviet Union"
Quincy Douby,"Brooklyn, New York"
Renaldo Balkman,"Staten Island, New York"
Rajon Rondo,"Louisville, Kentucky"
Marcus Williams,"Los Angeles, California"
Josh Boone,"Mount Airy, Maryland"
Kyle Lowry,"Philadelphia, Pennsylvania"
Shannon Brown,"Maywood, Illinois"
Jordan Farmar,"Los Angeles, California"
Sergio Rodríguez,"San Cristóbal de La Laguna,
Canary Islands, Spain"
Maurice Ager,"Detroit, Michigan"
Mardy Collins,"Philadelphia, Pennsylvania"
Joel Freeland,"Aldershot, Hampshire, England"
James White,"Washington, D.C."
Steve Novak,"Libertyville, Illinois"
Solomon Jones,"Eustis, Florida"
Paul Davis,"Rochester, Michigan, U.S."
P.J. Tucker,"Raleigh, North Carolina"
Craig Smith,"Inglewood, California"
Bobby Jones,"Compton, California"
Kosta Perović,"Osijek, SR Croatia, SFR Yugoslavia"
David Noel,"Durham, North Carolina"
Denham Brown,"Toronto, Ontario"
James Augustine,"Midlothian, Illinois"
Daniel Gibson,"Houston, Texas"
Marcus Vinicius,"Rio de Janeiro, Brazil"
Lior Eliyahu,"Ramat Gan, Israel"
Alexander Johnson,"Albany, Georgia"
Dee Brown,"Jackson, Mississippi"
Paul Millsap,"Monroe, Louisiana"
Vladimir Veremeenko,"Gomel, Byelorussian SSR, Soviet Union"
Leon Powe,"Oakland, California"
Ryan Hollins,"Pasadena, California"
Cheikh Samb,"Dakar, Senegal"
Guillermo Diaz,"San Juan, Puerto Rico"
Yotam Halperin,"Tel Aviv, Israel"
Hassan Adams,"Inglewood, California"
Ejike Ugboaja,"Lagos, Nigeria"
Edin Bavčić,"Foča, SR Bosnia-Herzegovina,
SFR Yugoslavia"
Loukas Mavrokefalidis,"Jeseník, Czechoslovakia"
J. R. Pinnock,"Fort Hood, Texas"
Damir Markota,"Sarajevo, SR Bosnia and HerzegovinaSFR Yugoslavia"
Will Blalock,"Boston, Massachusetts"
Greg Oden,"Buffalo, New York"
Kevin Durant,"Washington, D.C."
Al Horford,"Puerto Plata, Dominican Republic"
Mike Conley,"Fayetteville, Arkansas"
Jeff Green,"Cheverly, Maryland"
Yi Jianlian,"Heshan, Guangdong, China"
Corey Brewer,"Portland, Tennessee"
Brandan Wright,"Nashville, Tennessee"
Joakim Noah,"New York City, New York"
Spencer Hawes,"Seattle, Washington"
Acie Law,"Dallas, Texas"
Thaddeus Young,"New Orleans, Louisiana"
Julian Wright,"Chicago Heights, Illinois"
Al Thornton,"Perry, Georgia"
Rodney Stuckey,"Seattle, Washington"
Nick Young,"Los Angeles, California"
Sean Williams,"Houston, Texas"
Marco Belinelli,"San Giovanni in Persiceto, Italy"
Javaris Crittenton,"Atlanta, Georgia, U.S."
Jason Smith,"Greeley, Colorado"
Daequan Cook,"Dayton, Ohio"
Jared Dudley,"San Diego, California"
Wilson Chandler,"Benton Harbor, Michigan"
Rudy Fernández,"Palma de Mallorca, Spain"
Morris Almond,"Dalton, Georgia"
Aaron Brooks,"Seattle, Washington"
Arron Afflalo,"Los Angeles, California"
Tiago Splitter,"Blumenau, Brazil"
Alando Tucker,"Joliet, Illinois"
Petteri Koponen,"Helsinki, Finland"
Carl Landry,"Milwaukee, Wisconsin"
Gabe Pruitt,"Los Angeles, California"
Marcus Williams,"Seattle, Washington"
Nick Fazekas,"Arvada, Colorado"
Glen Davis,"Baton Rouge, Louisiana"
Jermareo Davidson,"Atlanta, Georgia"
Josh McRoberts,"Indianapolis, Indiana"
Kyrylo Fesenko,"Dnipropetrovsk, Ukrainian SSR, Soviet Union(now Ukraine)"
Stanko Barać,"Mostar, SR Bosnia-Herzegovina, SFR Yugoslavia"
Sun Yue,"Cangzhou, Hebei, China"
Chris Richard,"Lakeland, Florida"
Derrick Byars,"Memphis, Tennessee"
Adam Haluska,"Carroll, Iowa"
Reyshawn Terry,"Winston-Salem, North Carolina"
Jared Jordan,"Hartford, Connecticut"
Stephane Lasme,"Port-Gentil, Gabon"
Dominic McGuire,"San Diego, California"
Marc Gasol,"Barcelona, Spain"
Aaron Gray,"Tarzana, California"
Renaldas Seibutis,"Palanga, Lithuanian SSR, Soviet Union"
JamesOn Curry,"Pleasant Grove, North Carolina"
Taurean Green,"Boca Raton, Florida"
Demetris Nichols,"Boston, Massachusetts"
Brad Newley,"Adelaide, South Australia"
Herbert Hill,"Ulm, Germany"
Ramon Sessions,"Myrtle Beach, South Carolina"
Sammy Mejia,"The Bronx, New York"
Giorgos Printezis,"Syros, Greece"
D.J. Strawberry,"New York City, New York"
Milovan Raković,"Užice, SR Serbia, SFR Yugoslavia"
Derrick Rose,"Chicago, Illinois"
Michael Beasley,"Cheverly, Maryland"
O. J. Mayo,"Huntington, West Virginia"
Russell Westbrook,"Long Beach, California"
Kevin Love,"Santa Monica, California"
Danilo Gallinari,"Sant'Angelo Lodigiano, Italy"
Eric Gordon,"Indianapolis, Indiana"
Joe Alexander,"Kaohsiung, Taiwan"
D. J. Augustin,"New Orleans, Louisiana"
Brook Lopez,"North Hollywood, California"
Jerryd Bayless,"Phoenix, Arizona"
Jason Thompson,"Mount Laurel, New Jersey"
Brandon Rush,"Kansas City, Missouri"
Anthony Randolph,"Würzburg, West Germany"
Robin Lopez,"North Hollywood, California"
Marreese Speights,"St. Petersburg, Florida"
Roy Hibbert,"Queens, New York"
JaVale McGee,"Flint, Michigan"
J. J. Hickson,"Atlanta, Georgia"
Alexis Ajinça,"Saint-Étienne, France"
Ryan Anderson,"Sacramento, California"
Courtney Lee,"Indianapolis, Indiana"
Kosta Koufos,"Canton, Ohio"
Serge Ibaka,"Brazzaville, Republic of the Congo"
Nicolas Batum,"Lisieux, France"
George Hill,"Indianapolis, Indiana"
Darrell Arthur,"Dallas, Texas"
Donté Greene,"Munich, Bavaria, West Germany"
D. J. White,"Tuscaloosa, Alabama"
J. R. Giddens,"Oklahoma City, Oklahoma"
Nikola Peković,"Pljevlja, SR Montenegro, SFR Yugoslavia"
Walter Sharpe,"Huntsville, Alabama"
Joey Dorsey,"Baltimore, Maryland"
Mario Chalmers,"Anchorage, Alaska"
DeAndre Jordan,"Houston, Texas"
Ömer Aşık,"Bursa, Turkey"
Luc Mbah a Moute,"Yaoundé, Cameroon"
Kyle Weaver,"Beloit, Wisconsin"
Sonny Weems,"West Memphis, Arkansas"
Chris Douglas-Roberts,"Detroit, Michigan"
Nathan Jawai,"Sydney, New South Wales"
Sean Singletary,"Philadelphia, Pennsylvania"
Patrick Ewing Jr.,"Boston, Massachusetts"
Ante Tomić ,"Dubrovnik, SR Croatia, SFR Yugoslavia"
Goran Dragić,"Ljubljana, SR Slovenia, SFR Yugoslavia"
Trent Plaisted,"Manteca, California"
Bill Walker,"Huntington, West Virginia"
Malik Hairston,"Detroit, Michigan"
Richard Hendrix,"Decatur, Alabama"
DeVon Hardin,"Long Beach, California"
Shan Foster,"Laurel, Mississippi"
Darnell Jackson,"Oklahoma City, Oklahoma"
Tadija Dragićević,"Čačak, SR Serbia, SFR Yugoslavia"
Maarty Leunen,"Vancouver, Washington"
Mike Taylor,"Chicago, Illinois"
Sasha Kaun,"Tomsk, Russian SFSR, Soviet Union"
James Gist,"Adana, Turkey"
Joe Crawford,"Detroit, Michigan"
Deron Washington,"New Orleans, Louisiana"
Semih Erden,"Istanbul, Turkey"
Blake Griffin,"Oklahoma City, Oklahoma"
Hasheem Thabeet,"Dar es Salaam, Tanzania"
James Harden,"Los Angeles, California"
Tyreke Evans,"Chester, Pennsylvania"
Ricky Rubio,"El Masnou, Catalonia, Spain"
Jonny Flynn,"Niagara Falls, New York"
Stephen Curry,"Akron, Ohio"
Jordan Hill,"Newberry, South Carolina"
DeMar DeRozan,"Compton, California"
Brandon Jennings,"Compton, California"
Terrence Williams,"Seattle, Washington"
Gerald Henderson,"Richmond, Virginia"
Tyler Hansbrough,"Columbia, Missouri"
Earl Clark,"Plainfield, New Jersey"
Austin Daye,"Irvine, California"
James Johnson,"Cheyenne, Wyoming"
Jrue Holiday,"Chatsworth, California"
Ty Lawson,"Clinton, Maryland"
Jeff Teague,"Indianapolis, Indiana"
Eric Maynor,"Raeford, North Carolina"
Darren Collison,"Rancho Cucamonga, California"
Víctor Claver,"Valencia, Spain"
Omri Casspi,"Holon, Israel"
Byron Mullens,"Canal Winchester, Ohio"
Rodrigue Beaubois,"Pointe-Ã -Pitre, Guadeloupe, France"
Taj Gibson,"Brooklyn, New York"
DeMarre Carroll,"Birmingham, Alabama"
Wayne Ellington,"Wynnewood, Pennsylvania"
Toney Douglas,"Tampa, Florida"
Christian Eyenga,"Kinshasa, Zaire"
Jeff Pendergraph,"Ontario, California"
Jermaine Taylor,"Tavares, Florida"
Dante Cunningham,"Clinton, Maryland"
Sergio Llull,"MahÃ³n, Balearic Islands, Spain"
DaJuan Summers,"Baltimore, Maryland"
Sam Young,"Washington, D.C."
DeJuan Blair,"Pittsburgh, Pennsylvania"
Jon Brockman,"Snohomish, Washington"
Jonas Jerebko,"Kinna, Sweden"
Derrick Brown,"Oakland, California"
Jodie Meeks,"Nashville, Tennessee"
Patrick Beverley,"Chicago, Illinois"
Marcus Thornton,"Baton Rouge, Louisiana"
Chase Budinger,"Encinitas, California"
Nick Calathes,"Casselberry, Florida"
Danny Green,"North Babylon, New York"
Henk Norel,"Gorinchem, Netherlands"
Taylor Griffin,"Oklahoma City, Oklahoma"
Sergiy Gladyr,"Mykolaiv, Ukrainian SSR, Soviet Union"
Goran Suton,"Sarajevo, SR Bosnia and Herzegovina, SFR Yugoslavia"
Jack McClinton,"Baltimore, Maryland"
A. J. Price,"Orange, New Jersey"
Nando de Colo,"Sainte-Catherine-lès-Arras, France"
Robert Vaden,"Indianapolis, Indiana"
Patty Mills,"Canberra, Australia"
Ahmad Nivins,"Jersey City, New Jersey"
Emir Preldžić,"Zenica, SR Bosnia and Herzegovina
SFR Yugoslavia"
Lester Hudson,"Memphis, Tennessee"
Chinemelu Elonu,"Enugu, Nigeria"
Robert Dozier,"Lithonia, Georgia"
John Wall,"Raleigh, North Carolina"
Evan Turner,"Chicago, Illinois"
Derrick Favors,"Atlanta, Georgia"
Wesley Johnson,"Corsicana, Texas"
DeMarcus Cousins,"Mobile, Alabama"
Ekpe Udoh,"Edmond, Oklahoma"
Greg Monroe,"New Orleans, Louisiana"
Al-Farouq Aminu,"Atlanta, Georgia"
Gordon Hayward,"Indianapolis, Indiana"
Paul George,"Palmdale, California"
Cole Aldrich,"Burnsville, Minnesota"
Xavier Henry,"Ghent, Belgium"
Ed Davis,"Washington, D.C."
Patrick Patterson,"Washington, D.C."
Larry Sanders,"Fort Pierce, Florida"
Luke Babbitt,"Cincinnati, Ohio"
Kevin Séraphin,"Cayenne, French Guiana, France"
Eric Bledsoe,"Birmingham, Alabama"
Avery Bradley,"Tacoma, Washington"
James Anderson,"El Dorado, Arkansas"
Craig Brackins,"Lancaster, California"
Elliot Williams,"Memphis, Tennessee"
Trevor Booker,"Newberry, South Carolina"
Damion James,"Hobbs, New Mexico"
Dominique Jones,"Lake Wales, Florida"
Quincy Pondexter,"Fresno, California"
Jordan Crawford,"Detroit, Michigan"
Greivis Vásquez,"Caracas, Venezuela"
Daniel Orton,"Oklahoma City, Oklahoma"
Lazar Hayward,"Buffalo, New York"
Tibor Pleiß,"Bergisch Gladbach, West Germany"
Dexter Pittman,"Rosenberg, Texas"
Hassan Whiteside,"Gastonia, North Carolina"
Armon Johnson,"Chicago, Illinois"
Nemanja Bjelica,"Belgrade, SR Serbia, SFR Yugoslavia"
Terrico White,"Memphis, Tennessee"
Darington Hobson,"Las Vegas, Nevada"
Andy Rautins,"Syracuse, New York"
Landry Fields,"Long Beach, California"
Lance Stephenson,"Brooklyn, New York"
Jarvis Varnado,"Fairfax, Virginia"
Da'Sean Butler,"Newark, New Jersey"
Devin Ebanks,"Queens, New York"
Jerome Jordan,"Kingston, Jamaica"
Paulão Prestes,"Monte Aprazível, São Paulo"
Gani Lawal,"College Park, Georgia"
Tiny Gallon,"Vallejo, California"
Latavious Williams,"Starkville, Mississippi"
Ryan Richards,"Chatham, Kent, England"
Solomon Alabi,"Kaduna, Nigeria"
Magnum Rolle,"Freeport, Bahamas"
Luke Harangody,"Decatur, Illinois"
Pape Sy,"Loudéac, France"
Willie Warren,"Dallas, Texas"
Jeremy Evans,"Monroe, Louisiana"
Hamady N'Diaye,"Dakar, Senegal"
Ryan Reid,"Lauderdale Lakes, Florida"
Derrick Caracter,"Fanwood, New Jersey"
Stanley Robinson,"Birmingham, Alabama"
Dwayne Collins,"Miami, Florida"
Kyrie Irving,"Melbourne, Victoria"
Derrick Williams,"La Mirada, California"
Enes Kanter,"Zürich, Switzerland"
Tristan Thompson,"Toronto, Ontario"
Jonas Valančiūnas,"Utena, Lithuania"
Jan Veselý,"Ostrava, Czechoslovakia"
Bismack Biyombo,"Lubumbashi, DR Congo"
Brandon Knight,"Miami, Florida"
Kemba Walker,"Bronx, New York"
Jimmer Fredette,"Glens Falls, New York"
Klay Thompson,"Los Angeles, California"
Alec Burks,"Grandview, Missouri"
Markieff Morris,"Philadelphia, Pennsylvania"
Marcus Morris,"Philadelphia, Pennsylvania"
Kawhi Leonard,"Los Angeles, California"
Nikola Vučević,"Morges, Switzerland"
Iman Shumpert,"Oak Park, Illinois"
Chris Singleton,"Canton, Georgia"
Tobias Harris,"Islip, New York"
Donatas Motiejūnas,"Kaunas, Lithuania"
Nolan Smith,"Louisville, Kentucky"
Kenneth Faried,"Newark, New Jersey"
Nikola Mirotić,"Titograd, SR Montenegro,
SFR Yugoslavia"
Reggie Jackson,"Wyncote, Pennsylvania"
MarShon Brooks,"Long Branch, New Jersey"
Jordan Hamilton,"Los Angeles, California"
JaJuan Johnson,"Indianapolis, Indiana"
Norris Cole,"Dayton, Ohio"
Cory Joseph,"Toronto, Ontario"
Jimmy Butler,"Houston, Texas"
Bojan Bogdanović,"Mostar, SR Bosnia and Herzegovina, SFR Yugoslavia"
Justin Harper,"Richmond, Virginia"
Kyle Singler,"Medford, Oregon"
Shelvin Mack,"Lexington, Kentucky"
Tyler Honeycutt,"Sylmar, California"
Jordan Williams,"Torrington, Connecticut"
Trey Thompkins,"Long Island, New York"
Chandler Parsons,"Casselberry, Florida"
Jeremy Tyler,"San Diego, California"
Jon Leuer,"Long Lake, Minnesota"
Darius Morris,"Los Angeles, California"
Dāvis Bertāns,"Valmiera, Latvia"
Malcolm Lee,"Riverside, California"
Charles Jenkins,"Brooklyn, New York"
Josh Harrellson,"St. Charles, Missouri"
Andrew Goudelock,"Stone Mountain, Georgia"
Travis Leslie,"Atlanta, Georgia"
Keith Benson,"Cleveland, Ohio"
Josh Selby,"Baltimore, Maryland"
Lavoy Allen,"Trenton, New Jersey"
Jon Diebler,"Sylvania, Ohio"
Vernon Macklin,"Portsmouth, Virginia"
DeAndre Liggins,"Chicago, Illinois"
Milan MaÄvan,"Vukovar, SR Croatia, SFR Yugoslavia"
E'Twaun Moore,"East Chicago, Indiana"
Chukwudiebere Maduabum,"Lagos, Nigeria"
Tanguy Ngombo,"Brazzaville, Congo"
Ater Majok,"Khartoum, Sudan"
Ádám Hanga,"Budapest, Hungary"
Isaiah Thomas,"Tacoma, Washington"
Anthony Davis,"Chicago, Illinois"
Michael Kidd-Gilchrist,"Philadelphia, Pennsylvania"
Bradley Beal,"St. Louis, Missouri"
Dion Waiters,"Philadelphia, Pennsylvania"
Thomas Robinson,"Washington, D.C."
Damian Lillard,"Oakland, California"
Harrison Barnes,"Ames, Iowa"
Terrence Ross,"Portland, Oregon"
Andre Drummond,"Mount Vernon, New York"
Austin Rivers,"Santa Monica, California"
Meyers Leonard,"Woodbridge, Virginia"
Jeremy Lamb,"Henrico, Virginia"
Kendall Marshall,"Dumfries, Virginia"
John Henson,"Greensboro, North Carolina"
Maurice Harkless,"New York City, New York"
Royce White,"Minneapolis, Minnesota"
Tyler Zeller,"Visalia, California"
Terrence Jones,"Portland, Oregon"
Andrew Nicholson,"Mississauga, Ontario"
Evan Fournier,"Saint-Maurice, France"
Jared Sullinger,"Columbus, Ohio"
Fab Melo,"Juiz de Fora, Minas Gerais, Brazil"
John Jenkins,"Hendersonville, Tennessee"
Jared Cunningham,"Oakland, California"
Tony Wroten,"Renton, Washington"
Miles Plumlee,"Fort Wayne, Indiana"
Arnett Moultrie,"Queens, New York"
Perry Jones III,"Winnsboro, Louisiana"
Marquis Teague,"Indianapolis, Indiana"
Festus Ezeli,"Benin City, Nigeria"
Jeffery Taylor,"Norrköping, Sweden"
Tomáš Satoranský,"Prague, Czechoslovakia"
Bernard James,"Savannah, Georgia"
Jae Crowder,"Villa Rica, Georgia"
Draymond Green,"Saginaw, Michigan"
Orlando Johnson,"Monterey, California"
Quincy Acy,"Tyler, Texas"
Quincy Miller,"Chicago, Illinois"
Khris Middleton,"Charleston, South Carolina"
Will Barton,"Baltimore, Maryland"
Tyshawn Taylor,"Hoboken, New Jersey"
Doron Lamb,"New York City, New York"
Mike Scott,"Chesapeake, Virginia"
Kim English,"Baltimore, Maryland"
Justin Hamilton,"Newport Beach, California"
Darius Miller,"Maysville, Kentucky"
Kevin Murphy,"Atlanta, Georgia"
Kostas Papanikolaou,"Trikala, Greece"
Kyle O'Quinn,"Jamaica, New York"
İzzet Türkyılmaz,"Ayvalık, Balıkesir, Turkey"
Kris Joseph,"Montreal, Quebec"
Ognjen Kuzmić,"Doboj, SR Bosnia and Herzegovina
SFR Yugoslavia"
Furkan Aldemir,"Konak, Izmir, Turkey"
Tornike Shengelia,"Tbilisi, Georgia"
Darius Johnson-Odom,"Raleigh, North Carolina"
Tomislav Zubčić,"Zadar, SR Croatia, SFR Yugoslavia"
İlkan Karaman,"İstanbul, Turkey"
Robbie Hummel,"Valparaiso, Indiana"
Marcus Denmon,"Kansas City, Missouri"
Robert Sacre,"Baton Rouge, Louisiana"
Anthony Bennett,"Toronto, Ontario"
Victor Oladipo,"Silver Spring, Maryland"
Otto Porter,"St. Louis, Missouri"
Cody Zeller,"Washington, Indiana"
Alex Len,"Antratsyt, Ukraine"
Nerlens Noel,"Malden, Massachusetts"
Ben McLemore,"St. Louis, Missouri"
Kentavious Caldwell-Pope,"Thomaston, Georgia"
Trey Burke,"Columbus, Ohio"
C. J. McCollum,"Canton, Ohio"
Michael Carter-Williams,"Hamilton, Massachusetts"
Steven Adams,"Rotorua, New Zealand"
Kelly Olynyk,"Toronto, Ontario"
Shabazz Muhammad,"Long Beach, California"
Giannis Antetokounmpo,"Athens, Greece"
Lucas Nogueira,"São Gonçalo, Brazil"
Dennis Schröder,"Braunschweig, Germany"
Shane Larkin,"Cincinnati, Ohio"
Sergey Karasev,"Saint Petersburg, Russia"
Tony Snell,"Watts, California"
Gorgui Dieng,"Kébémer, Senegal"
Mason Plumlee,"Fort Wayne, Indiana"
Solomon Hill,"Harvey, Illinois"
Tim Hardaway Jr.,"Alameda, California"
Reggie Bullock,"Baltimore, Maryland"
André Roberson,"Las Cruces, New Mexico"
Rudy Gobert,"Saint-Quentin, France"
Livio Jean-Charles,"Cayenne, French Guiana"
Archie Goodwin,"Little Rock, Arkansas"
Nemanja Nedović,"Nova Varoš, SR Serbia,
SFR Yugoslavia"
Allen Crabbe,"Los Angeles, California"
Ãlex Abrines,"Palma, Spain"
Carrick Felix,"Las Vegas, Nevada"
Isaiah Canaan,"Biloxi, Mississippi"
Glen Rice Jr.,"Miami, Florida"
Ray McCallum Jr.,"Madison, Wisconsin"
Tony Mitchell,"Milwaukee, Wisconsin"
Nate Wolters,"St. Cloud, Minnesota"
Jeff Withey,"San Diego, California"
Grant Jerrett,"Costa Mesa, California"
Jamaal Franklin,"Moreno Valley, California"
Pierre Jackson,"Las Vegas, Nevada"
Ricky Ledo,"Providence, Rhode Island"
Mike Muscala,"St. Louis Park, Minnesota"
Marko Todorović ,"Podgorica, SR Montenegro,
SFR Yugoslavia"
Erick Green,"Inglewood, California"
Raul Neto,"Belo Horizonte, Brazil"
Ryan Kelly,"Carmel, New York"
Erik Murphy,"Lyon, France"
James Ennis,"Ventura, California"
Romero Osby,"Frankfurt, Germany"
Lorenzo Brown,"Roswell, Georgia"
Colton Iverson,"Aberdeen, South Dakota"
Arsalan Kazemi,"Isfahan, Iran"
Joffrey Lauvergne,"Mulhouse, France"
Peyton Siva,"Seattle, Washington"
Alex Oriakhi,"Lowell, Massachusetts"
Deshaun Thomas,"Fort Wayne, Indiana"
Bojan Dubljević,"Nikšić, SR Montenegro,
SFR Yugoslavia"
Jānis Timma,"Krāslava, Latvia"
Andrew Wiggins,"Toronto, Ontario"
Jabari Parker,"Chicago, Illinois"
Joel Embiid,"Yaoundé, Cameroon"
Aaron Gordon,"San Jose, California"
Dante Exum,"Melbourne, Victoria"
Marcus Smart,"Flower Mound, Texas"
Julius Randle,"Dallas, Texas"
Nik Stauskas,"Mississauga, Ontario"
Noah Vonleh,"Haverhill, Massachusetts"
Elfrid Payton,"Gretna, Virginia"
Doug McDermott,"Grand Forks, North Dakota"
Dario Šarić,"Šibenik, Croatia"
Zach LaVine,"Renton, Washington"
T. J. Warren,"Durham, North Carolina"
Adreian Payne,"Dayton, Ohio"
Jusuf Nurkić,"Tuzla, Bosnia and Herzegovina"
James Young,"Flint, Michigan"
Tyler Ennis,"Brampton, Ontario"
Gary Harris,"Fishers, Indiana"
Bruno Caboclo,"Osasco, Brazil"
Mitch McGary,"Chesterton, Indiana"
Jordan Adams,"Atlanta, Georgia"
Rodney Hood,"Meridian, Mississippi"
Shabazz Napier,"Roxbury, Massachusetts"
Clint Capela,"Geneva, Switzerland"
P. J. Hairston,"Greensboro, North Carolina"
Bogdan Bogdanović ,"Belgrade, Serbia, FR Yugoslavia"
C. J. Wilcox,"Pleasant Grove, Utah"
Josh Huestis,"Webster, Texas"
Kyle Anderson,"New York City, New York"
Damien Inglis,"Cayenne, French Guiana"
K. J. McDaniels,"Birmingham, Alabama"
Joe Harris,"Chelan, Washington"
Cleanthony Early,"The Bronx, New York"
Jarnell Stokes,"Memphis, Tennessee"
Johnny O'Bryant III,"Cleveland, Mississippi"
DeAndre Daniels,"Woodland Hills, California"
Spencer Dinwiddie,"Los Angeles, California"
Jerami Grant,"Portland, Oregon"
Glenn Robinson III,"Gary, Indiana"
Nikola Jokić,"Sombor, Serbia, FR Yugoslavia"
Nick Johnson,"Tempe, Arizona"
Walter Tavares,"Maio, Cape Verde"
Markel Brown,"Alexandria, Louisiana"
Dwight Powell,"Toronto, Ontario"
Jordan Clarkson,"Tampa, Florida"
Russ Smith,"New York City, New York"
Lamar Patterson,"Lancaster, Pennsylvania"
Cameron Bairstow,"Brisbane, Queensland"
Alec Brown,"Winona, Minnesota"
Thanasis Antetokounmpo,"Athens, Greece"
Vasilije Micić,"Kraljevo, Serbia, FR Yugoslavia"
Alessandro Gentile,"Maddaloni, Italy"
Nemanja Dangubić,"Pančevo, Serbia, FR Yugoslavia"
Semaj Christon,"Cincinnati, Ohio"
Devyn Marble,"Southfield, Michigan"
Louis Labeyrie,"Gonesse, France"
Jordan McRae,"Savannah, Georgia"
Xavier Thames,"Sacramento, California"
Cory Jefferson,"Tacoma, Washington"
Karl-Anthony Towns,"Edison, New Jersey"
D'Angelo Russell,"Louisville, Kentucky"
Jahlil Okafor,"Fort Smith, Arkansas"
Kristaps Porziņģis,"Liepāja, Latvia"
Mario Hezonja,"Dubrovnik, Croatia"
Willie Cauley-Stein,"Spearville, Kansas"
Emmanuel Mudiay,"Kinshasa, Zaire"
Stanley Johnson,"Anaheim, California"
Frank Kaminsky,"Winfield, Illinois"
Justise Winslow,"Houston, Texas"
Myles Turner,"Bedford, Texas"
Trey Lyles,"Saskatoon, Saskatchewan"
Devin Booker,"Grand Rapids, Michigan"
Cameron Payne,"Memphis, Tennessee"
Kelly Oubre Jr.,"New Orleans, Louisiana"
Terry Rozier,"Youngstown, Ohio"
Rashad Vaughn,"Minneapolis, Minnesota"
Sam Dekker,"Sheboygan, Wisconsin"
Jerian Grant,"Silver Spring, Maryland"
Delon Wright,"Los Angeles, California"
Justin Anderson,"Montross, Virginia"
Bobby Portis,"Little Rock, Arkansas"
Rondae Hollis-Jefferson,"Chester, Pennsylvania"
Tyus Jones,"Burnsville, Minnesota"
Jarell Martin,"Baton Rouge, Louisiana"
Nikola Milutinov,"Novi Sad, FR Yugoslavia"
Larry Nance Jr.,"Akron, Ohio"
R. J. Hunter,"Oxford, Ohio"
Chris McCullough,"The Bronx, New York"
Kevon Looney,"Milwaukee, Wisconsin"
Cedi Osman,"Ohrid, Republic of Macedonia"
Montrezl Harrell,"Tarboro, North Carolina"
Jordan Mickey,"Dallas, Texas"
Anthony Brown,"Bellflower, California"
Willy Hernangómez,"Madrid, Spain"
Rakeem Christmas,"Irvington, New Jersey"
Richaun Holmes,"Lockport, Illinois"
Darrun Hilliard,"Bethlehem, Pennsylvania"
Juan Pablo Vaulet,"CÃ³rdoba, Argentina"
Josh Richardson,"Edmond, Oklahoma"
Pat Connaughton,"Arlington, Massachusetts"
Olivier Hanlan,"Aylmer, Quebec"
Joseph Young,"Houston, Texas"
Andrew Harrison,"San Antonio, Texas"
Marcus Thornton,"Forestville, Maryland"
Norman Powell,"San Diego, California"
Artūras Gudaitis,"Klaipėda, Lithuania"
Dakari Johnson,"Brooklyn, New York"
Aaron White,"Strongsville, Ohio"
Marcus Eriksson,"Uppsala, Sweden"
Tyler Harvey,"Torrance, California"
Satnam Singh Bhamara,"Baloke, Punjab, India"
Sir'Dominic Pointer,"Detroit, Michigan"
Dani Díez,"Madrid, Spain"
Cady Lalanne,"Port-au-Prince, Haiti"
Branden Dawson,"Gary, Indiana"
Nikola Radičević,"Novi Sad, Serbia, FR Yugoslavia"
J. P. Tokoto,"Rockford, Illinois"
Dimitrios Agravanis,"Marousi, Greece"
Luka Mitrović,"Novi Sad, Serbia, FR Yugoslavia"
Ben Simmons,"Melbourne, Victoria"
Brandon Ingram,"Kinston, North Carolina"
Jaylen Brown,"Marietta, Georgia"
Dragan Bender,"Čapljina, Bosnia and Herzegovina"
Kris Dunn,"New London, Connecticut"
Buddy Hield,"Freeport, Bahamas"
Jamal Murray,"Kitchener, Ontario"
Marquese Chriss,"Sacramento, California"
Jakob Pöltl ,"Vienna, Austria"
Thon Maker,"Wau, Sudan(now South Sudan)"
Domantas Sabonis,"Portland, Oregon"
Taurean Prince,"San Marcos, Texas"
Georgios Papagiannis,"Marousi, Greece"
Denzel Valentine,"Lansing, Michigan"
Juan Hernangómez,"Madrid, Spain"
Guerschon Yabusele,"Dreux, France"
Wade Baldwin,"Belle Mead, New Jersey"
Henry Ellenson,"Rice Lake, Wisconsin"
Malik Beasley,"Atlanta, Georgia"
Caris LeVert,"Columbus, Ohio"
DeAndre' Bembry,"Charlotte, North Carolina"
Malachi Richardson,"Trenton, New Jersey"
Ante Žižić,"Split, Croatia"
Timothé Luwawu-Cabarrot,"Cannes, France"
Brice Johnson,"Orangeburg, South Carolina"
Furkan Korkmaz,"Bakırköy, Istanbul, Turkey"
Pascal Siakam,"Douala, Cameroon"
Skal Labissière,"Port-au-Prince, Haiti"
Dejounte Murray,"Seattle, Washington"
Damian Jones,"London, England"
Deyonta Davis,"Muskegon, Michigan"
Ivica Zubac,"Mostar, Bosnia and Herzegovina"
Cheick Diallo,"Kayes, Mali"
Tyler Ulis,"Southfield, Michigan"
Rade Zagorac,"Belgrade, Serbia, FR Yugoslavia"
Malcolm Brogdon,"Atlanta, Georgia"
Chinanu Onuaku,"Lanham, Maryland"
Patrick McCaw,"St. Louis, Missouri"
David Michineau,"Les Abymes, Guadeloupe"
Diamond Stone,"Milwaukee, Wisconsin"
Stephen Zimmerman,"Hendersonville, Tennessee"
Isaiah Whitehead,"Brooklyn, New York"
Zhou Qi,"Xinxiang, Henan, China"
Isaia Cordinier,"Creteil, Ile-de-France"
Demetrius Jackson,"South Bend, Indiana"
A. J. Hammons,"Gary, Indiana"
Jake Layman,"Wrentham, Massachusetts"
Paul Zipser,"Heidelberg, Germany"
Michael Gbinije,"Hartford, Connecticut"
Georges Niang,"Lawrence, Massachusetts"
Ben Bentil,"Sekondi-Takoradi, Ghana"
Joel Bolomboy,"Donetsk, Ukraine"
Petr Cornelie,"Calais, France"
Kay Felder,"Detroit, Michigan"
Marcus Paige,"Cedar Rapids, Iowa"
Daniel Hamilton,"Los Angeles, California"
Wang Zhelin,"Fuzhou, Fujian, China"
Abdel Nader,"Alexandria, Egypt"
Isaiah Cousins,"Mount Vernon, New York"
Tyrone Wallace,"Bakersfield, California"
Markelle Fultz,"Upper Marlboro, Maryland"
Lonzo Ball,"Anaheim, California"
Jayson Tatum,"St. Louis, Missouri"
Josh Jackson,"San Diego, California"
De'Aaron Fox,"New Orleans, Louisiana"
Jonathan Isaac,"The Bronx, New York"
Lauri Markkanen,"Vantaa, Finland"
Frank Ntilikina,"Ixelles, Belgium"
Dennis Smith Jr.,"Fayetteville, North Carolina"
Zach Collins,"North Las Vegas, Nevada"
Malik Monk,"Jonesboro, Arkansas"
Luke Kennard,"Middletown, Ohio"
Donovan Mitchell,"Elmsford, New York"
Bam Adebayo,"Newark, New Jersey"
Justin Jackson,"Houston, Texas"
Justin Patton,"Riverdale, Georgia"
D. J. Wilson,"Mount Shasta, California"
T. J. Leaf,"Tel Aviv, Israel"
John Collins,"Layton, Utah"
Harry Giles,"Winston-Salem, North Carolina"
Terrance Ferguson,"Tulsa, Oklahoma"
Jarrett Allen,"San Diego, California"
OG Anunoby,"London, England"
Tyler Lydon,"Hudson, New York"
Anžejs Pasečņiks,"Riga, Latvia"
Caleb Swanigan,"Indianapolis, Indiana"
Kyle Kuzma,"Flint, Michigan"
Tony Bradley,"Bartow, Florida"
Derrick White,"Parker, Colorado"
Josh Hart,"Silver Spring, Maryland"
Frank Jackson,"Washington, D.C."
Davon Reed,"Ewing Township, New Jersey"
Wes Iwundu,"Houston, Texas"
Frank Mason III,"Petersburg, Virginia"
Ivan Rabb,"Sacramento, California"
Jonah Bolden,"Melbourne, Victoria"
Semi Ojeleye,"Overland Park, Kansas"
Jordan Bell,"Los Angeles, California"
Jawun Evans,"Greenville, South Carolina"
Dwayne Bacon,"Lakeland, Florida"
Tyler Dorsey,"Pasadena, California"
Thomas Bryant,"Rochester, New York"
Isaiah Hartenstein,"Eugene, Oregon"
Damyean Dotson,"Houston, Texas"
Dillon Brooks,"Mississauga, Ontario"
Sterling Brown,"Maywood, Illinois"
Ike Anigbogu,"San Diego, California"
Sindarius Thornwell,"Lancaster, South Carolina"
Vlatko Čančar,"Koper, Slovenia"
Mathias Lessort,"Fort-de-France, Martinique"
Monté Morris,"Grand Rapids, Michigan"
Edmond Sumner,"Detroit, Michigan"
Kadeem Allen,"Wilmington, North Carolina"
Alec Peters,"Washington, Illinois"
Nigel Williams-Goss,"Happy Valley, Oregon"
Jabari Bird,"Walnut Creek, California"
Sasha Vezenkov,"Nicosia, Cyprus"
Ognjen Jaramaz,"Kruševac, Serbia, FR Yugoslavia"
Jaron Blossomgame,"Atlanta, Georgia"
Alpha Kaba,"Blois, France"
